"email","total_rentals"
"eleanor.hunt@sakilacustomer.org","46"
"karl.seal@sakilacustomer.org","45"
"clara.shaw@sakilacustomer.org","42"
"marcia.dean@sakilacustomer.org","42"
"tammy.sanders@sakilacustomer.org","41"
"wesley.bull@sakilacustomer.org","40"
"sue.peters@sakilacustomer.org","40"
"rhonda.kennedy@sakilacustomer.org","39"
"marion.snyder@sakilacustomer.org","39"
"tim.cary@sakilacustomer.org","39"
"daisy.bates@sakilacustomer.org","38"
"tommy.collazo@sakilacustomer.org","38"
"curtis.irby@sakilacustomer.org","38"
"elizabeth.brown@sakilacustomer.org","38"
"brandon.huey@sakilacustomer.org","37"
"elsie.kelley@sakilacustomer.org","37"
"june.carroll@sakilacustomer.org","37"
"marsha.douglas@sakilacustomer.org","37"
"alexander.fennell@sakilacustomer.org","36"
"angela.hernandez@sakilacustomer.org","36"
"justin.ngo@sakilacustomer.org","36"
"russell.brinson@sakilacustomer.org","36"
"roger.quintanilla@sakilacustomer.org","36"
"margie.wade@sakilacustomer.org","36"
"naomi.jennings@sakilacustomer.org","35"
"diane.collins@sakilacustomer.org","35"
"mike.way@sakilacustomer.org","35"
"leslie.seward@sakilacustomer.org","35"
"michelle.clark@sakilacustomer.org","35"
"bobby.boudreau@sakilacustomer.org","35"
"alma.austin@sakilacustomer.org","35"
"billy.poulin@sakilacustomer.org","35"
"louis.leone@sakilacustomer.org","35"
"rosemary.schmidt@sakilacustomer.org","35"
"harry.arce@sakilacustomer.org","35"
"lois.butler@sakilacustomer.org","35"
"priscilla.lowe@sakilacustomer.org","35"
"carrie.porter@sakilacustomer.org","34"
"ralph.madrigal@sakilacustomer.org","34"
"ana.bradley@sakilacustomer.org","34"
"melissa.king@sakilacustomer.org","34"
"joanne.robertson@sakilacustomer.org","34"
"jessica.hall@sakilacustomer.org","34"
"sherry.marshall@sakilacustomer.org","34"
"martha.gonzalez@sakilacustomer.org","34"
"minnie.romero@sakilacustomer.org","34"
"casey.mena@sakilacustomer.org","34"
"regina.berry@sakilacustomer.org","34"
"stacey.montgomery@sakilacustomer.org","34"
"janice.ward@sakilacustomer.org","34"
"jorge.olivares@sakilacustomer.org","34"
"heidi.larson@sakilacustomer.org","34"
"gertrude.castillo@sakilacustomer.org","34"
"morris.mccarter@sakilacustomer.org","34"
"hazel.warren@sakilacustomer.org","34"
"steve.mackenzie@sakilacustomer.org","34"
"catherine.campbell@sakilacustomer.org","34"
"brett.cornwell@sakilacustomer.org","34"
"bernice.willis@sakilacustomer.org","33"
"jacqueline.long@sakilacustomer.org","33"
"crystal.ford@sakilacustomer.org","33"
"shawn.heaton@sakilacustomer.org","33"
"arnold.havens@sakilacustomer.org","33"
"alex.gresham@sakilacustomer.org","33"
"alice.stewart@sakilacustomer.org","33"
"jim.rea@sakilacustomer.org","33"
"tanya.gilbert@sakilacustomer.org","33"
"grace.ellis@sakilacustomer.org","33"
"judith.cox@sakilacustomer.org","33"
"sara.perry@sakilacustomer.org","33"
"jessie.milam@sakilacustomer.org","33"
"george.linton@sakilacustomer.org","33"
"maria.miller@sakilacustomer.org","33"
"barry.lovelace@sakilacustomer.org","33"
"sherri.rhodes@sakilacustomer.org","33"
"warren.sherrod@sakilacustomer.org","33"
"joy.george@sakilacustomer.org","33"
"lena.jensen@sakilacustomer.org","32"
"maxine.silva@sakilacustomer.org","32"
"gordon.allard@sakilacustomer.org","32"
"sylvia.ortiz@sakilacustomer.org","32"
"tom.milner@sakilacustomer.org","32"
"veronica.stone@sakilacustomer.org","32"
"charles.kowalski@sakilacustomer.org","32"
"nathan.runyon@sakilacustomer.org","32"
"harold.martino@sakilacustomer.org","32"
"leonard.schofield@sakilacustomer.org","32"
"nicholas.barfield@sakilacustomer.org","32"
"cynthia.young@sakilacustomer.org","32"
"neil.renner@sakilacustomer.org","32"
"javier.elrod@sakilacustomer.org","32"
"dave.gardiner@sakilacustomer.org","32"
"debbie.reyes@sakilacustomer.org","32"
"sally.pierce@sakilacustomer.org","32"
"thelma.murray@sakilacustomer.org","32"
"guy.brownlee@sakilacustomer.org","32"
"tonya.chapman@sakilacustomer.org","32"
"ethel.webb@sakilacustomer.org","32"
"virginia.green@sakilacustomer.org","32"
"helen.harris@sakilacustomer.org","32"
"olga.jimenez@sakilacustomer.org","32"
"viola.hanson@sakilacustomer.org","32"
"leroy.bustamante@sakilacustomer.org","32"
"julia.flores@sakilacustomer.org","32"
"frank.waggoner@sakilacustomer.org","32"
"courtney.day@sakilacustomer.org","32"
"glenda.frazier@sakilacustomer.org","32"
"arthur.simpkins@sakilacustomer.org","32"
"mary.smith@sakilacustomer.org","32"
"marjorie.tucker@sakilacustomer.org","32"
"mitchell.westmoreland@sakilacustomer.org","32"
"angel.barclay@sakilacustomer.org","32"
"ramon.choate@sakilacustomer.org","31"
"theodore.culp@sakilacustomer.org","31"
"jeffery.pinson@sakilacustomer.org","31"
"shirley.allen@sakilacustomer.org","31"
"zachary.hite@sakilacustomer.org","31"
"kristin.johnston@sakilacustomer.org","31"
"matthew.mahan@sakilacustomer.org","31"
"gladys.hamilton@sakilacustomer.org","31"
"lawrence.lawton@sakilacustomer.org","31"
"mae.fletcher@sakilacustomer.org","31"
"holly.fox@sakilacustomer.org","31"
"ella.oliver@sakilacustomer.org","31"
"philip.causey@sakilacustomer.org","31"
"christy.vargas@sakilacustomer.org","31"
"vickie.brewer@sakilacustomer.org","31"
"duane.tubbs@sakilacustomer.org","31"
"lori.wood@sakilacustomer.org","31"
"darlene.rose@sakilacustomer.org","31"
"dianne.shelton@sakilacustomer.org","31"
"christopher.greco@sakilacustomer.org","31"
"john.farnsworth@sakilacustomer.org","31"
"patrick.newsom@sakilacustomer.org","31"
"clarence.gamez@sakilacustomer.org","30"
"gerald.fultz@sakilacustomer.org","30"
"tracy.cole@sakilacustomer.org","30"
"carole.barnett@sakilacustomer.org","30"
"florence.woods@sakilacustomer.org","30"
"jeff.east@sakilacustomer.org","30"
"kyle.spurlock@sakilacustomer.org","30"
"wanda.patterson@sakilacustomer.org","30"
"monica.hicks@sakilacustomer.org","30"
"heather.morris@sakilacustomer.org","30"
"marcus.hidalgo@sakilacustomer.org","30"
"walter.perryman@sakilacustomer.org","30"
"roberto.vu@sakilacustomer.org","30"
"michele.grant@sakilacustomer.org","30"
"joseph.joy@sakilacustomer.org","30"
"marilyn.ross@sakilacustomer.org","30"
"geraldine.perkins@sakilacustomer.org","30"
"carolyn.perez@sakilacustomer.org","30"
"terrence.gunderson@sakilacustomer.org","30"
"sharon.robinson@sakilacustomer.org","30"
"theresa.watson@sakilacustomer.org","30"
"stanley.scroggins@sakilacustomer.org","30"
"rosa.reynolds@sakilacustomer.org","30"
"james.gannon@sakilacustomer.org","30"
"ryan.salisbury@sakilacustomer.org","30"
"mabel.holland@sakilacustomer.org","30"
"wendy.harrison@sakilacustomer.org","30"
"cassandra.walters@sakilacustomer.org","30"
"gloria.cook@sakilacustomer.org","30"
"ramona.hale@sakilacustomer.org","30"
"sarah.lewis@sakilacustomer.org","30"
"troy.quigley@sakilacustomer.org","30"
"craig.morrell@sakilacustomer.org","30"
"jordan.archuleta@sakilacustomer.org","30"
"joshua.mark@sakilacustomer.org","30"
"marc.outlaw@sakilacustomer.org","30"
"violet.rodriquez@sakilacustomer.org","30"
"manuel.murrell@sakilacustomer.org","30"
"juanita.mason@sakilacustomer.org","30"
"raymond.mcwhorter@sakilacustomer.org","30"
"salvador.teel@sakilacustomer.org","30"
"greg.robins@sakilacustomer.org","30"
"ronald.weiner@sakilacustomer.org","30"
"kathy.james@sakilacustomer.org","30"
"joe.gilliland@sakilacustomer.org","29"
"nina.soto@sakilacustomer.org","29"
"roy.whiting@sakilacustomer.org","29"
"isaac.oglesby@sakilacustomer.org","29"
"steven.curley@sakilacustomer.org","29"
"amy.lopez@sakilacustomer.org","29"
"cathy.spencer@sakilacustomer.org","29"
"jimmy.schrader@sakilacustomer.org","29"
"hilda.hopkins@sakilacustomer.org","29"
"cindy.fisher@sakilacustomer.org","29"
"jaime.nettles@sakilacustomer.org","29"
"deborah.walker@sakilacustomer.org","29"
"julie.sanchez@sakilacustomer.org","29"
"erik.guillen@sakilacustomer.org","29"
"debra.nelson@sakilacustomer.org","29"
"alvin.deloach@sakilacustomer.org","29"
"becky.miles@sakilacustomer.org","29"
"herman.devore@sakilacustomer.org","29"
"ken.prewitt@sakilacustomer.org","29"
"byron.box@sakilacustomer.org","29"
"ted.breaux@sakilacustomer.org","29"
"clyde.tobias@sakilacustomer.org","29"
"terry.carlson@sakilacustomer.org","29"
"michael.silverman@sakilacustomer.org","29"
"todd.tan@sakilacustomer.org","29"
"jennie.terry@sakilacustomer.org","29"
"jerry.jordon@sakilacustomer.org","29"
"teresa.rogers@sakilacustomer.org","29"
"dana.hart@sakilacustomer.org","29"
"audrey.ray@sakilacustomer.org","29"
"jamie.rice@sakilacustomer.org","29"
"terrance.roush@sakilacustomer.org","29"
"miguel.betancourt@sakilacustomer.org","29"
"marion.ocampo@sakilacustomer.org","29"
"clifford.bowens@sakilacustomer.org","29"
"maurice.crawley@sakilacustomer.org","29"
"stephen.qualls@sakilacustomer.org","28"
"reginald.kinder@sakilacustomer.org","28"
"jimmie.eggleston@sakilacustomer.org","28"
"bryan.hardison@sakilacustomer.org","28"
"kristina.chambers@sakilacustomer.org","28"
"joyce.edwards@sakilacustomer.org","28"
"patsy.davidson@sakilacustomer.org","28"
"bessie.morrison@sakilacustomer.org","28"
"everett.banda@sakilacustomer.org","28"
"brandy.graves@sakilacustomer.org","28"
"enrique.forsythe@sakilacustomer.org","28"
"esther.crawford@sakilacustomer.org","28"
"dennis.gilman@sakilacustomer.org","28"
"jason.morrissey@sakilacustomer.org","28"
"tracy.herrmann@sakilacustomer.org","28"
"evelyn.morgan@sakilacustomer.org","28"
"ruby.washington@sakilacustomer.org","28"
"tina.simmons@sakilacustomer.org","28"
"jeremy.hurtado@sakilacustomer.org","28"
"felicia.sutton@sakilacustomer.org","28"
"lucille.holmes@sakilacustomer.org","28"
"nora.herrera@sakilacustomer.org","28"
"edward.baugh@sakilacustomer.org","28"
"gina.williamson@sakilacustomer.org","28"
"mario.cheatham@sakilacustomer.org","28"
"gilbert.sledge@sakilacustomer.org","28"
"brittany.riley@sakilacustomer.org","28"
"randy.gaither@sakilacustomer.org","28"
"betty.white@sakilacustomer.org","28"
"jennifer.davis@sakilacustomer.org","28"
"andre.rapp@sakilacustomer.org","28"
"ellen.simpson@sakilacustomer.org","28"
"derek.blakely@sakilacustomer.org","28"
"sonia.gregory@sakilacustomer.org","28"
"nathaniel.adam@sakilacustomer.org","28"
"lynn.payne@sakilacustomer.org","28"
"nancy.thomas@sakilacustomer.org","28"
"jane.bennett@sakilacustomer.org","28"
"bill.gavin@sakilacustomer.org","28"
"julian.vest@sakilacustomer.org","28"
"sandra.martin@sakilacustomer.org","28"
"janet.phillips@sakilacustomer.org","27"
"martin.bales@sakilacustomer.org","27"
"gene.sanborn@sakilacustomer.org","27"
"ian.still@sakilacustomer.org","27"
"bradley.motley@sakilacustomer.org","27"
"velma.lucas@sakilacustomer.org","27"
"kathleen.adams@sakilacustomer.org","27"
"eddie.tomlin@sakilacustomer.org","27"
"allison.stanley@sakilacustomer.org","27"
"jean.bell@sakilacustomer.org","27"
"rick.mattox@sakilacustomer.org","27"
"amanda.carter@sakilacustomer.org","27"
"lee.hawks@sakilacustomer.org","27"
"misty.lambert@sakilacustomer.org","27"
"megan.palmer@sakilacustomer.org","27"
"dale.ratcliff@sakilacustomer.org","27"
"patricia.johnson@sakilacustomer.org","27"
"kent.arsenault@sakilacustomer.org","27"
"amber.dixon@sakilacustomer.org","27"
"erin.dunn@sakilacustomer.org","27"
"eduardo.hiatt@sakilacustomer.org","27"
"diana.alexander@sakilacustomer.org","27"
"jeanne.lawson@sakilacustomer.org","27"
"yolanda.weaver@sakilacustomer.org","27"
"clifton.malcolm@sakilacustomer.org","27"
"karen.jackson@sakilacustomer.org","27"
"victoria.gibson@sakilacustomer.org","27"
"virgil.wofford@sakilacustomer.org","27"
"eric.robert@sakilacustomer.org","27"
"cheryl.murphy@sakilacustomer.org","27"
"pauline.henry@sakilacustomer.org","27"
"earl.shanks@sakilacustomer.org","27"
"dean.sauer@sakilacustomer.org","27"
"denise.kelly@sakilacustomer.org","27"
"jenny.castro@sakilacustomer.org","27"
"charlene.alvarez@sakilacustomer.org","27"
"terri.vasquez@sakilacustomer.org","27"
"tracey.barrett@sakilacustomer.org","27"
"daryl.larue@sakilacustomer.org","27"
"andrew.purdy@sakilacustomer.org","27"
"ross.grey@sakilacustomer.org","27"
"elmer.noe@sakilacustomer.org","26"
"mark.rinehart@sakilacustomer.org","26"
"jay.robb@sakilacustomer.org","26"
"erika.pena@sakilacustomer.org","26"
"melvin.ellington@sakilacustomer.org","26"
"william.satterfield@sakilacustomer.org","26"
"larry.thrasher@sakilacustomer.org","26"
"jesse.schilling@sakilacustomer.org","26"
"alan.kahn@sakilacustomer.org","26"
"linda.williams@sakilacustomer.org","26"
"willie.howell@sakilacustomer.org","26"
"marlene.welch@sakilacustomer.org","26"
"josephine.gomez@sakilacustomer.org","26"
"dustin.gillette@sakilacustomer.org","26"
"francis.sikes@sakilacustomer.org","26"
"phillip.holm@sakilacustomer.org","26"
"jessie.banks@sakilacustomer.org","26"
"carla.gutierrez@sakilacustomer.org","26"
"beatrice.arnold@sakilacustomer.org","26"
"glen.talbert@sakilacustomer.org","26"
"carmen.owens@sakilacustomer.org","26"
"dawn.sullivan@sakilacustomer.org","26"
"dolores.wagner@sakilacustomer.org","26"
"howard.fortner@sakilacustomer.org","26"
"lucy.wheeler@sakilacustomer.org","26"
"hector.poindexter@sakilacustomer.org","26"
"billie.horton@sakilacustomer.org","26"
"keith.rico@sakilacustomer.org","26"
"deanna.byrd@sakilacustomer.org","26"
"arlene.harvey@sakilacustomer.org","26"
"brenda.wright@sakilacustomer.org","26"
"georgia.jacobs@sakilacustomer.org","26"
"micheal.forman@sakilacustomer.org","26"
"cecil.vines@sakilacustomer.org","26"
"claudia.fuller@sakilacustomer.org","26"
"renee.lane@sakilacustomer.org","26"
"miriam.mckinney@sakilacustomer.org","26"
"rene.mcalister@sakilacustomer.org","26"
"david.royal@sakilacustomer.org","26"
"charlie.bess@sakilacustomer.org","26"
"kathryn.coleman@sakilacustomer.org","26"
"marie.turner@sakilacustomer.org","26"
"norman.currier@sakilacustomer.org","26"
"clayton.barbee@sakilacustomer.org","26"
"gabriel.harder@sakilacustomer.org","26"
"valerie.black@sakilacustomer.org","26"
"edna.west@sakilacustomer.org","26"
"shelly.watts@sakilacustomer.org","26"
"april.burns@sakilacustomer.org","26"
"alfred.casillas@sakilacustomer.org","26"
"ivan.cromwell@sakilacustomer.org","26"
"sergio.stanfield@sakilacustomer.org","26"
"ben.easter@sakilacustomer.org","26"
"brad.mccurdy@sakilacustomer.org","25"
"kelly.knott@sakilacustomer.org","25"
"mildred.bailey@sakilacustomer.org","25"
"leah.curtis@sakilacustomer.org","25"
"melanie.armstrong@sakilacustomer.org","25"
"constance.reid@sakilacustomer.org","25"
"gail.knight@sakilacustomer.org","25"
"ricky.shelby@sakilacustomer.org","25"
"fred.wheat@sakilacustomer.org","25"
"louise.jenkins@sakilacustomer.org","25"
"vicki.fields@sakilacustomer.org","25"
"douglas.graf@sakilacustomer.org","25"
"ronnie.ricketts@sakilacustomer.org","25"
"ashley.richardson@sakilacustomer.org","25"
"chad.carbone@sakilacustomer.org","25"
"bertha.ferguson@sakilacustomer.org","25"
"edgar.rhoads@sakilacustomer.org","25"
"seth.hannon@sakilacustomer.org","25"
"richard.mccrary@sakilacustomer.org","25"
"dorothy.taylor@sakilacustomer.org","25"
"wallace.slone@sakilacustomer.org","25"
"travis.estep@sakilacustomer.org","25"
"darrell.power@sakilacustomer.org","25"
"beth.franklin@sakilacustomer.org","25"
"ernest.stepp@sakilacustomer.org","25"
"scott.shelley@sakilacustomer.org","25"
"gwendolyn.may@sakilacustomer.org","25"
"milton.howland@sakilacustomer.org","25"
"judy.gray@sakilacustomer.org","25"
"gary.coy@sakilacustomer.org","25"
"claude.herzog@sakilacustomer.org","25"
"freddie.duggan@sakilacustomer.org","25"
"don.bone@sakilacustomer.org","25"
"jackie.lynch@sakilacustomer.org","25"
"danielle.daniels@sakilacustomer.org","25"
"jamie.waugh@sakilacustomer.org","25"
"fernando.churchill@sakilacustomer.org","25"
"willie.markham@sakilacustomer.org","25"
"andy.vanhorn@sakilacustomer.org","25"
"jose.andrew@sakilacustomer.org","25"
"leon.bostic@sakilacustomer.org","25"
"sidney.burleson@sakilacustomer.org","25"
"katie.elliott@sakilacustomer.org","25"
"lillian.griffin@sakilacustomer.org","25"
"kimberly.lee@sakilacustomer.org","25"
"vincent.ralston@sakilacustomer.org","25"
"clinton.buford@sakilacustomer.org","25"
"tamara.nguyen@sakilacustomer.org","25"
"thomas.grigsby@sakilacustomer.org","25"
"stephanie.mitchell@sakilacustomer.org","25"
"charlotte.hunter@sakilacustomer.org","24"
"darren.windham@sakilacustomer.org","24"
"cory.meehan@sakilacustomer.org","24"
"chester.benner@sakilacustomer.org","24"
"lydia.burke@sakilacustomer.org","24"
"elaine.stevens@sakilacustomer.org","24"
"jack.foust@sakilacustomer.org","24"
"victor.barkley@sakilacustomer.org","24"
"rita.graham@sakilacustomer.org","24"
"robin.hayes@sakilacustomer.org","24"
"jon.wiles@sakilacustomer.org","24"
"rebecca.scott@sakilacustomer.org","24"
"lisa.anderson@sakilacustomer.org","24"
"myrtle.fleming@sakilacustomer.org","24"
"felix.gaffney@sakilacustomer.org","24"
"perry.swafford@sakilacustomer.org","24"
"emily.diaz@sakilacustomer.org","24"
"pedro.chestnut@sakilacustomer.org","24"
"johnnie.chisholm@sakilacustomer.org","24"
"shannon.freeman@sakilacustomer.org","24"
"max.pitt@sakilacustomer.org","24"
"susan.wilson@sakilacustomer.org","24"
"christian.jung@sakilacustomer.org","24"
"tyrone.asher@sakilacustomer.org","24"
"suzanne.nichols@sakilacustomer.org","24"
"christine.roberts@sakilacustomer.org","24"
"ruth.martinez@sakilacustomer.org","24"
"sam.mcduffie@sakilacustomer.org","24"
"beverly.brooks@sakilacustomer.org","24"
"annette.olson@sakilacustomer.org","24"
"bobbie.craig@sakilacustomer.org","24"
"aaron.selby@sakilacustomer.org","24"
"peggy.myers@sakilacustomer.org","24"
"bob.pfeiffer@sakilacustomer.org","24"
"jesus.mccartney@sakilacustomer.org","24"
"colleen.burton@sakilacustomer.org","24"
"ron.deluca@sakilacustomer.org","23"
"sean.douglass@sakilacustomer.org","23"
"marshall.thorn@sakilacustomer.org","23"
"peter.menard@sakilacustomer.org","23"
"kurt.emmons@sakilacustomer.org","23"
"albert.crouse@sakilacustomer.org","23"
"irene.price@sakilacustomer.org","23"
"marian.mendoza@sakilacustomer.org","23"
"jeffrey.spear@sakilacustomer.org","23"
"carl.artis@sakilacustomer.org","23"
"toni.holt@sakilacustomer.org","23"
"anne.powell@sakilacustomer.org","23"
"donald.mahon@sakilacustomer.org","23"
"edwin.burk@sakilacustomer.org","23"
"rodney.moeller@sakilacustomer.org","23"
"laurie.lawrence@sakilacustomer.org","23"
"samantha.duncan@sakilacustomer.org","23"
"margaret.moore@sakilacustomer.org","23"
"phyllis.foster@sakilacustomer.org","23"
"ida.andrews@sakilacustomer.org","23"
"lillie.kim@sakilacustomer.org","23"
"bruce.schwarz@sakilacustomer.org","23"
"paul.trout@sakilacustomer.org","23"
"randall.neumann@sakilacustomer.org","23"
"agnes.bishop@sakilacustomer.org","23"
"juan.fraley@sakilacustomer.org","23"
"vivian.ruiz@sakilacustomer.org","23"
"calvin.martel@sakilacustomer.org","23"
"benjamin.varney@sakilacustomer.org","23"
"pamela.baker@sakilacustomer.org","23"
"darryl.ashcraft@sakilacustomer.org","23"
"gregory.mauldin@sakilacustomer.org","23"
"roberta.harper@sakilacustomer.org","23"
"glenn.pullen@sakilacustomer.org","23"
"natalie.meyer@sakilacustomer.org","23"
"joel.francisco@sakilacustomer.org","23"
"dora.medina@sakilacustomer.org","23"
"carlos.coughlin@sakilacustomer.org","23"
"roland.south@sakilacustomer.org","23"
"connie.wallace@sakilacustomer.org","23"
"leo.ebert@sakilacustomer.org","23"
"stacy.cunningham@sakilacustomer.org","23"
"joan.cooper@sakilacustomer.org","23"
"brent.harkins@sakilacustomer.org","23"
"emma.boyd@sakilacustomer.org","23"
"andrea.henderson@sakilacustomer.org","22"
"bernard.colby@sakilacustomer.org","22"
"mathew.bolin@sakilacustomer.org","22"
"francisco.skidmore@sakilacustomer.org","22"
"ray.houle@sakilacustomer.org","22"
"loretta.carpenter@sakilacustomer.org","22"
"rose.howard@sakilacustomer.org","22"
"adam.gooch@sakilacustomer.org","22"
"nicole.peterson@sakilacustomer.org","22"
"timothy.bunn@sakilacustomer.org","22"
"leslie.gordon@sakilacustomer.org","22"
"chris.brothers@sakilacustomer.org","22"
"harvey.guajardo@sakilacustomer.org","22"
"cody.nolen@sakilacustomer.org","22"
"doris.reed@sakilacustomer.org","22"
"corey.hauser@sakilacustomer.org","22"
"pearl.garza@sakilacustomer.org","22"
"frances.parker@sakilacustomer.org","22"
"kevin.schuler@sakilacustomer.org","22"
"shane.millard@sakilacustomer.org","22"
"franklin.troutman@sakilacustomer.org","22"
"lance.pemberton@sakilacustomer.org","22"
"mattie.hoffman@sakilacustomer.org","22"
"barbara.jones@sakilacustomer.org","22"
"dwayne.olvera@sakilacustomer.org","22"
"wade.delvalle@sakilacustomer.org","22"
"willard.lumpkin@sakilacustomer.org","22"
"stella.moreno@sakilacustomer.org","22"
"rachel.barnes@sakilacustomer.org","22"
"dan.paine@sakilacustomer.org","22"
"carol.garcia@sakilacustomer.org","22"
"erica.matthews@sakilacustomer.org","22"
"kelly.torres@sakilacustomer.org","22"
"derrick.bourque@sakilacustomer.org","22"
"laura.rodriguez@sakilacustomer.org","22"
"alberto.henning@sakilacustomer.org","21"
"lorraine.stephens@sakilacustomer.org","21"
"armando.gruber@sakilacustomer.org","21"
"jacob.lance@sakilacustomer.org","21"
"ricardo.meador@sakilacustomer.org","21"
"norma.gonzales@sakilacustomer.org","21"
"robert.baughman@sakilacustomer.org","21"
"jill.hawkins@sakilacustomer.org","21"
"alicia.mills@sakilacustomer.org","21"
"maureen.little@sakilacustomer.org","21"
"nellie.garrett@sakilacustomer.org","21"
"julio.noland@sakilacustomer.org","21"
"anna.hill@sakilacustomer.org","21"
"tyler.wren@sakilacustomer.org","21"
"delores.hansen@sakilacustomer.org","21"
"tony.carranza@sakilacustomer.org","21"
"samuel.marlow@sakilacustomer.org","21"
"frederick.isbell@sakilacustomer.org","21"
"ruben.geary@sakilacustomer.org","21"
"donna.thompson@sakilacustomer.org","21"
"yvonne.watkins@sakilacustomer.org","21"
"marvin.yee@sakilacustomer.org","21"
"danny.isom@sakilacustomer.org","21"
"rafael.abney@sakilacustomer.org","21"
"allen.butterfield@sakilacustomer.org","21"
"kim.cruz@sakilacustomer.org","21"
"hugh.waldrop@sakilacustomer.org","21"
"bonnie.hughes@sakilacustomer.org","21"
"alfredo.mcadams@sakilacustomer.org","20"
"oscar.aquino@sakilacustomer.org","20"
"nelson.christenson@sakilacustomer.org","20"
"daniel.cabral@sakilacustomer.org","20"
"anthony.schwab@sakilacustomer.org","20"
"tara.ryan@sakilacustomer.org","20"
"herbert.kruger@sakilacustomer.org","20"
"wilma.richards@sakilacustomer.org","20"
"luis.yanez@sakilacustomer.org","20"
"jeanette.greene@sakilacustomer.org","20"
"raul.fortier@sakilacustomer.org","20"
"jo.fowler@sakilacustomer.org","20"
"terry.grissom@sakilacustomer.org","20"
"kay.caldwell@sakilacustomer.org","20"
"lauren.hudson@sakilacustomer.org","20"
"allan.cornish@sakilacustomer.org","19"
"johnny.turpin@sakilacustomer.org","19"
"wayne.truong@sakilacustomer.org","19"
"edith.mcdonald@sakilacustomer.org","19"
"jared.ely@sakilacustomer.org","19"
"lloyd.dowd@sakilacustomer.org","19"
"kirk.stclair@sakilacustomer.org","19"
"eugene.culpepper@sakilacustomer.org","19"
"adrian.clary@sakilacustomer.org","19"
"vanessa.sims@sakilacustomer.org","19"
"lewis.lyman@sakilacustomer.org","19"
"austin.cintron@sakilacustomer.org","19"
"christina.ramirez@sakilacustomer.org","18"
"irma.pearson@sakilacustomer.org","18"
"annie.russell@sakilacustomer.org","18"
"sheila.wells@sakilacustomer.org","18"
"eileen.carr@sakilacustomer.org","18"
"jonathan.scarborough@sakilacustomer.org","18"
"vernon.chapa@sakilacustomer.org","18"
"henry.billingsley@sakilacustomer.org","18"
"kristen.chavez@sakilacustomer.org","18"
"vera.mccoy@sakilacustomer.org","18"
"lonnie.tirado@sakilacustomer.org","18"
"penny.neal@sakilacustomer.org","18"
"paula.bryant@sakilacustomer.org","18"
"eva.ramos@sakilacustomer.org","18"
"ann.evans@sakilacustomer.org","17"
"dwight.lombardi@sakilacustomer.org","17"
"melinda.fernandez@sakilacustomer.org","17"
"floyd.gandy@sakilacustomer.org","17"
"kenneth.gooden@sakilacustomer.org","17"
"joann.gardner@sakilacustomer.org","16"
"jerome.kenyon@sakilacustomer.org","16"
"antonio.meek@sakilacustomer.org","16"
"lester.kraus@sakilacustomer.org","16"
"anita.morales@sakilacustomer.org","15"
"caroline.bowman@sakilacustomer.org","15"
"tiffany.jordan@sakilacustomer.org","14"
"katherine.rivera@sakilacustomer.org","14"
"leona.obrien@sakilacustomer.org","14"
"brian.wyman@sakilacustomer.org","12"
